{
  "timestamp": "2026-02-08T01:59:40.916Z",
  "results": [
    {
      "script": "heb",
      "iterations": 3,
      "total": 345.35159999999996,
      "average": 115.11719999999998,
      "min": 0.7572000000000116,
      "max": 343.62609999999995,
      "median": 0.9682999999999993,
      "p95": 343.62609999999995,
      "avgMemory": 13.211435953776041
    }
  ]
}